date,min_temperature_c,max_temperature_c,rainfall_mm,evaporation_mm,sunshine_hours,max_wind_speed_kmh,max_pressure_hpa,rain_today
2019-05-01,17.9,22.5,0.0,5.4,1.9,35.0,1022.6,0
2019-05-02,19.5,24.1,0.0,3.4,1.7,33.0,1025.8,0
2019-05-03,19.2,24.1,0.0,3.4,0.7,31.0,1019.1,0
2019-05-04,17.3,23.1,10.8,2.4,5.8,39.0,1015.9,1
2019-05-05,12.0,19.1,0.0,4.8,5.5,76.0,1017.6,0
2019-05-06,12.5,21.4,3.8,3.6,9.5,41.0,1018.9,1
2019-05-07,9.8,23.4,0.0,4.0,10.2,28.0,1016.0,0
2019-05-08,13.0,21.3,0.0,4.0,9.6,52.0,1012.6,0
2019-05-09,9.5,20.9,0.0,5.0,9.6,35.0,1019.5,0
2019-05-10,13.1,20.4,0.0,5.6,4.1,46.0,1014.2,0
2019-05-11,10.7,21.4,0.0,3.4,8.0,59.0,1018.1,0
2019-05-12,10.4,23.0,0.0,5.8,10.0,37.0,1027.5,0
2019-05-13,10.4,23.0,0.0,1.8,7.5,31.0,1030.5,0
2019-05-14,13.1,24.1,0.0,4.0,9.7,33.0,1027.6,0
2019-05-15,11.8,22.9,0.0,4.0,7.2,26.0,1030.9,0
2019-05-16,12.6,22.4,0.0,2.4,9.6,28.0,1029.7,0
2019-05-17,12.2,23.4,0.0,3.4,9.7,24.0,1028.6,0
2019-05-18,12.7,24.1,0.0,2.4,9.6,26.0,1030.9,0
2019-05-19,14.0,22.7,0.0,3.0,8.1,24.0,1031.7,0
2019-05-20,13.8,22.6,0.0,3.0,4.5,20.0,1028.1,0
2019-05-21,13.0,27.2,0.0,2.0,7.9,31.0,1025.8,0
2019-05-22,14.6,25.3,0.0,4.0,9.3,24.0,1028.1,0
2019-05-23,14.6,24.7,0.0,3.6,6.6,24.0,1028.6,0
2019-05-24,13.7,25.0,0.0,1.2,7.0,26.0,1024.1,0
2019-05-25,12.5,27.1,0.0,4.0,9.2,26.0,1020.1,0
2019-05-26,15.0,23.7,0.0,5.2,6.3,35.0,1016.0,0
2019-05-27,11.3,19.3,0.0,4.8,7.4,72.0,1008.9,0
2019-05-28,8.8,19.3,0.0,5.8,9.6,56.0,1013.9,0
2019-05-29,11.7,19.4,0.0,7.2,9.5,65.0,1005.7,0
2019-05-30,8.7,17.4,0.0,5.6,9.6,54.0,1017.0,0
2019-05-31,7.8,21.0,0.0,5.6,9.5,43.0,1022.6,0
2019-06-01,10.0,20.4,0.0,3.4,5.9,44.0,1028.1,0
2019-06-02,10.7,20.8,0.0,1.6,4.6,30.0,1027.1,0
2019-06-03,12.5,17.6,0.0,1.2,3.4,48.0,1015.2,0
2019-06-04,7.5,14.1,18.2,3.6,1.1,74.0,1015.2,1
2019-06-05,9.3,15.2,11.6,1.0,2.3,52.0,1026.2,1
2019-06-06,7.5,19.6,12.8,1.1,9.5,33.0,1030.0,1
2019-06-07,9.5,14.9,0.2,3.6,0.0,30.0,1035.8,1
2019-06-08,11.2,14.8,4.2,0.0,0.0,24.0,1032.2,1
2019-06-13,12.6,22.7,0.0,1.8,1.8,33.0,1015.8,0
2019-06-14,10.2,19.1,0.0,2.6,6.3,37.0,1020.6,0
2019-06-15,9.0,20.4,0.0,3.0,8.9,31.0,1021.3,0
2019-06-16,11.6,15.3,22.4,3.6,0.0,26.0,1021.4,1
2019-06-17,11.2,15.6,4.0,0.8,0.0,41.0,1020.2,1
2019-06-18,11.1,18.7,33.6,1.2,1.6,31.0,1020.2,1
2019-06-19,9.1,17.3,0.2,2.4,9.1,39.0,1021.7,1
2019-06-20,6.1,16.5,0.0,2.6,6.9,30.0,1025.0,0
2019-06-21,7.5,15.9,0.0,1.8,8.9,44.0,1023.2,0
2019-06-22,6.8,15.9,0.0,3.6,4.7,48.0,1026.2,0
2019-06-23,7.1,16.8,2.0,3.6,4.5,48.0,1027.2,1
2019-06-24,9.4,18.0,34.2,2.4,2.1,46.0,1030.9,1
2019-06-25,11.1,16.9,11.2,3.2,4.4,30.0,1033.9,1
2019-06-26,11.9,18.7,14.0,1.0,3.9,33.0,1036.0,1
2019-06-27,10.6,20.1,2.6,2.8,8.3,24.0,1035.8,1
2019-06-28,11.6,20.5,0.2,0.4,8.7,33.0,1033.7,1
2019-06-29,9.6,20.8,0.0,4.0,7.4,46.0,1027.4,0
2019-06-30,10.4,18.0,0.0,4.0,9.3,46.0,1022.2,0
2019-07-01,7.4,18.3,0.0,3.6,8.2,35.0,1026.1,0
2019-07-02,7.2,20.4,0.0,3.2,6.2,28.0,1020.5,0
2019-07-03,8.0,19.4,0.0,2.8,5.0,33.0,1029.0,0
2019-07-04,9.5,18.0,1.4,2.2,0.2,41.0,1034.9,1
2019-07-05,13.2,19.0,22.8,3.6,2.5,33.0,1036.2,1
2019-07-06,11.0,18.6,2.6,0.4,6.0,30.0,1036.4,1
2019-07-07,11.5,19.3,1.0,0.8,5.7,26.0,1033.8,1
2019-07-08,11.6,20.8,0.0,2.6,3.4,31.0,1025.4,0
2019-07-09,9.8,18.5,0.2,2.6,9.4,37.0,1021.3,1
2019-07-10,8.1,17.6,0.0,2.8,9.5,50.0,1019.0,0
2019-07-11,10.3,19.9,0.0,4.6,9.5,56.0,1010.2,0
2019-07-12,11.8,20.1,0.0,5.2,9.5,59.0,1014.6,0
2019-07-13,12.0,15.6,0.0,7.4,8.5,72.0,1013.3,0
2019-07-14,7.2,17.4,0.0,5.0,9.5,48.0,1022.1,0
2019-07-15,9.2,18.8,0.0,4.6,9.5,52.0,1016.4,0
2019-07-16,9.0,21.5,0.0,4.0,9.6,46.0,1018.8,0
2019-07-17,9.6,19.8,0.0,4.4,9.6,61.0,1018.9,0
2019-07-18,10.2,20.8,0.0,4.0,9.7,41.0,1015.8,0
2019-07-20,7.0,21.1,0.0,2.8,9.8,28.0,1024.4,0
2019-07-21,8.4,23.9,0.0,4.0,9.8,30.0,1017.3,0
2019-07-22,11.7,23.4,0.0,4.0,4.7,26.0,1018.1,0
2019-07-23,10.1,23.6,0.0,5.2,9.9,35.0,1017.0,0
2019-07-24,11.4,20.6,0.0,5.6,9.8,39.0,1019.4,0
2019-07-25,8.0,20.3,0.0,3.0,9.6,31.0,1027.1,0
2019-07-26,8.4,18.6,0.0,3.6,3.2,26.0,1022.2,0
2019-07-27,9.9,20.2,0.0,2.2,7.7,30.0,1023.0,0
2019-07-28,9.0,20.1,0.0,2.8,9.9,28.0,1025.8,0
2019-07-29,7.9,21.3,0.0,2.0,7.1,28.0,1022.0,0
2019-07-30,9.8,15.4,4.2,1.6,0.8,48.0,1024.1,1
2019-07-31,8.8,17.6,11.2,2.8,5.9,41.0,1030.6,1
2019-08-01,9.7,20.5,2.8,3.4,8.5,28.0,1030.4,1
2019-08-02,9.7,18.9,0.2,2.4,6.5,28.0,1031.7,1
2019-08-03,8.1,22.5,0.0,2.4,10.1,30.0,1028.4,0
2019-08-04,7.9,19.3,0.0,2.8,8.4,35.0,1029.3,0
2019-08-05,9.5,19.7,0.0,2.4,9.7,28.0,1026.1,0
2019-08-06,7.4,19.3,0.0,3.8,10.2,26.0,1021.4,0
2019-08-07,7.1,23.4,0.0,3.8,10.2,30.0,1014.9,0
2019-08-08,9.9,20.2,0.0,3.4,7.7,74.0,1003.6,0
2019-08-09,12.5,17.2,0.0,8.0,10.2,87.0,1000.6,0
2019-08-10,9.5,15.5,0.0,9.6,10.2,69.0,1001.7,0
2019-08-11,8.8,16.1,0.0,5.6,6.6,56.0,1003.7,0
2019-08-12,9.3,19.0,0.2,2.8,7.2,44.0,1019.0,1
2019-08-13,7.5,18.6,0.0,3.4,10.2,31.0,1026.1,0
2019-08-14,7.6,19.3,0.0,3.0,10.2,30.0,1029.6,0
2019-08-15,6.4,21.1,0.0,4.8,10.4,28.0,1026.6,0
2019-08-16,7.0,24.6,0.0,2.4,10.2,26.0,1019.6,0
2019-08-17,11.2,20.4,0.0,6.2,10.3,39.0,1019.5,0
2019-08-18,9.3,19.9,0.0,3.8,10.4,54.0,1020.1,0
2019-08-19,11.5,16.8,0.0,6.6,10.5,69.0,1016.4,0
2019-08-20,7.9,21.7,0.0,6.2,10.5,57.0,1023.5,0
2019-08-21,9.4,22.0,0.0,5.6,10.5,67.0,1016.0,0
2019-08-22,12.3,18.6,0.0,7.2,6.4,78.0,1015.4,0
2019-08-23,6.9,19.7,0.0,6.8,7.3,35.0,1027.6,0
2019-08-24,6.6,25.5,0.0,4.6,10.4,30.0,1021.1,0
2019-08-25,10.1,22.9,0.0,5.8,8.9,43.0,1017.5,0
2019-08-26,13.4,15.8,0.0,3.0,1.3,35.0,1023.0,0
2019-08-27,12.5,17.5,3.8,3.0,4.2,35.0,1023.1,1
2019-08-28,9.8,21.1,0.4,2.4,10.2,30.0,1021.5,1
2019-08-29,10.7,14.5,0.2,2.6,0.0,57.0,1022.8,1
2019-08-30,11.1,14.8,43.0,6.4,0.1,56.0,1025.1,1
2019-08-31,11.9,17.3,22.4,2.8,0.0,41.0,1025.2,1
2019-09-01,9.9,23.4,0.0,2.8,10.7,31.0,1022.4,0
2019-09-02,11.8,20.6,0.0,5.0,10.7,48.0,1018.3,0
2019-09-03,10.6,23.2,0.0,3.2,10.6,26.0,1018.0,0
2019-09-04,10.4,27.7,0.0,4.0,10.2,44.0,1015.9,0
2019-09-05,14.9,20.8,0.0,7.2,10.1,30.0,1016.9,0
2019-09-06,14.4,28.8,0.0,3.8,6.9,91.0,1007.2,0
2019-09-07,11.0,19.2,0.2,8.0,10.9,74.0,1007.2,1
2019-09-08,11.7,19.9,0.2,8.0,10.8,67.0,1012.7,1
2019-09-09,11.0,17.4,0.0,5.0,8.0,57.0,1012.1,0
2019-09-10,8.3,17.4,0.2,8.2,8.2,54.0,1025.0,1
2019-09-11,8.1,19.2,0.0,4.0,10.4,28.0,1031.5,0
2019-09-12,9.1,26.8,0.0,3.8,7.5,33.0,1023.8,0
2019-09-13,13.7,19.6,0.0,6.4,7.8,35.0,1024.7,0
2019-09-14,11.7,20.5,0.0,4.8,10.3,37.0,1023.5,0
2019-09-15,9.5,27.7,0.0,5.2,10.6,28.0,1022.7,0
2019-09-16,15.7,27.0,0.0,6.2,2.4,74.0,1015.3,0
2019-09-17,8.8,14.6,19.2,4.2,0.0,67.0,1022.0,1
2019-09-19,14.5,20.6,27.0,4.4,5.4,35.0,1027.2,1
2019-09-20,16.3,20.6,0.2,2.6,9.1,46.0,1027.1,1
2019-09-21,17.5,23.0,0.0,6.2,4.3,43.0,1022.3,0
2019-09-23,12.4,22.4,0.0,6.2,7.6,44.0,1023.3,0
2019-09-24,9.5,20.7,0.0,5.0,11.1,33.0,1027.7,0
2019-09-25,9.7,21.9,0.0,6.6,11.0,37.0,1028.3,0
2019-09-26,12.6,20.8,0.0,4.0,8.3,37.0,1026.9,0
2019-09-27,13.9,25.3,0.0,4.6,9.9,26.0,1019.6,0
2019-09-28,15.3,21.7,0.0,9.4,9.2,61.0,1016.7,0
2019-09-29,11.3,21.1,0.0,5.4,10.4,33.0,1019.0,0
2019-09-30,14.5,18.6,0.0,6.0,2.6,39.0,1025.3,0
2019-10-1,12.3,19.8,0.4,3.4,7.2,33.0,1031.8,1
2019-10-10,11.2,21.1,0.4,6.8,11.1,46.0,1023.5,1
2019-10-11,11.8,18.3,0.6,6.0,9.3,37.0,1020.1,1
2019-10-12,12.0,20.4,11.0,6.2,4.2,44.0,1018.8,1
2019-10-13,11.2,19.2,3.4,4.4,7.4,24.0,1021.6,1
2019-10-14,12.0,21.9,0.0,4.2,7.0,33.0,1018.1,0
2019-10-15,15.4,24.0,0.0,5.6,9.7,50.0,1013.6,0
2019-10-16,17.5,23.0,0.0,7.4,6.1,37.0,1012.6,0
2019-10-17,17.3,28.4,0.0,4.2,11.4,72.0,1006.4,0
2019-10-18,12.2,24.3,0.0,10.0,11.5,39.0,1017.5,0
2019-10-19,14.5,28.7,0.0,8.8,10.5,70.0,1015.5,0
2019-10-2,11.9,22.0,0.0,4.4,10.7,37.0,1029.2,0
2019-10-20,12.6,22.3,0.0,8.8,12.1,31.0,1022.3,0
2019-10-21,11.9,22.6,0.0,6.8,12.2,30.0,1027.3,0
2019-10-22,13.0,23.7,0.0,5.8,12.2,37.0,1026.2,0
2019-10-23,15.7,24.2,0.0,7.4,11.6,48.0,1024.1,0
2019-10-24,18.5,27.5,0.0,8.0,10.9,39.0,1019.1,0
2019-10-25,17.4,37.2,0.0,8.6,9.7,48.0,1012.9,0
2019-10-26,23.0,31.4,0.0,13.2,9.8,74.0,1003.9,0
2019-10-27,15.8,23.5,0.0,14.2,12.3,50.0,1015.3,0
2019-10-28,13.4,23.0,0.0,8.0,7.3,43.0,1022.1,0
2019-10-29,13.9,24.5,0.0,5.4,12.2,46.0,1024.2,0
2019-10-30,16.6,26.4,0.0,10.0,5.2,28.0,1018.8,0
2019-10-31,18.0,26.0,0.0,5.0,10.2,41.0,1018.1,0
2019-10-4,17.9,33.5,0.0,15.4,9.8,57.0,1018.2,0
2019-10-5,15.1,19.4,16.6,7.8,3.5,31.0,1024.0,1
2019-10-6,15.2,22.2,0.6,4.0,4.9,48.0,1018.6,1
2019-10-7,16.7,23.9,0.0,4.0,6.9,39.0,1011.9,0
2019-10-8,16.6,24.0,0.0,4.4,5.7,50.0,1011.3,0
2019-10-9,10.6,19.3,1.2,5.2,11.0,57.0,1022.2,1
2019-11-1,18.1,25.1,0.0,7.0,11.6,57.0,1018.3,0
2019-11-10,14.5,25.2,0.0,10.0,12.2,44.0,1012.6,0
2019-11-11,14.7,26.9,0.0,8.0,11.7,56.0,1016.7,0
2019-11-12,16.4,36.5,0.0,9.4,11.0,65.0,1007.6,0
2019-11-13,14.8,24.2,0.0,14.6,12.9,44.0,1013.7,0
2019-11-14,15.7,24.9,0.0,10.8,11.1,37.0,1015.9,0
2019-11-15,16.0,31.1,0.0,10.0,11.8,52.0,1010.6,0
2019-11-16,17.3,22.6,0.0,12.0,8.3,52.0,1016.2,0
2019-11-17,18.3,23.4,0.0,5.8,4.9,46.0,1015.9,0
2019-11-18,16.0,26.2,0.0,6.8,11.0,46.0,1019.5,0
2019-11-19,16.3,32.2,0.0,9.0,12.4,56.0,1012.3,0
2019-11-20,18.0,23.9,0.0,14.4,6.4,39.0,1018.2,0
2019-11-21,16.5,26.6,0.0,6.0,10.7,52.0,1016.3,0
2019-11-22,20.3,25.8,0.0,7.6,5.7,56.0,1013.1,0
2019-11-23,18.7,21.9,6.2,5.0,0.0,33.0,1015.4,1
2019-11-24,18.7,25.3,0.4,3.6,2.5,46.0,1019.9,1
2019-11-25,18.6,28.5,0.2,5.8,5.3,52.0,1012.4,1
2019-11-26,19.2,35.4,1.4,7.2,7.4,104.0,1004.0,1
2019-11-29,20.6,27.6,0.0,9.0,6.3,41.0,1014.7,0
2019-11-30,19.6,23.6,0.0,6.6,3.5,56.0,1008.5,0
2019-11-5,14.8,20.3,0.2,8.2,9.7,2.0,1015.3,1
2019-11-6,12.0,27.7,0.0,7.4,12.8,39.0,1013.9,0
2019-11-7,18.7,31.7,0.0,11.2,11.9,57.0,1004.3,0
2019-11-8,18.5,30.7,0.0,12.6,12.2,69.0,1002.4,0
2019-11-9,12.6,21.9,0.0,12.6,12.3,46.0,1012.1,0
2019-12-1,17.4,22.0,0.0,6.8,6.3,48.0,1006.9,0
2019-12-10,18.9,30.1,0.0,8.2,6.5,61.0,1012.9,0
2019-12-11,18.4,24.7,0.0,6.6,2.9,43.0,1016.4,0
2019-12-12,18.6,22.8,0.0,6.6,3.9,35.0,1014.5,0
2019-12-13,18.4,23.4,0.0,7.2,0.7,33.0,1016.1,0
2019-12-14,19.6,26.0,0.0,4.2,6.7,33.0,1011.8,0
2019-12-15,20.6,26.5,0.0,7.6,4.2,35.0,1010.9,0
2019-12-16,19.5,24.1,0.0,6.6,9.1,65.0,1014.2,0
2019-12-17,16.8,24.1,0.0,7.4,12.5,28.0,1020.6,0
2019-12-18,17.0,26.2,0.0,8.8,11.1,50.0,1020.4,0
2019-12-19,19.1,39.3,0.0,11.2,6.1,59.0,1013.3,0
2019-12-2,16.7,23.1,0.0,8.8,6.3,70.0,994.5,0
2019-12-20,19.2,25.9,0.0,7.4,10.2,37.0,1020.8,0
2019-12-21,21.1,28.7,0.0,8.6,8.5,65.0,1014.2,0
2019-12-22,18.6,23.5,0.0,10.0,3.5,44.0,1021.5,0
2019-12-23,17.0,24.0,0.0,6.4,2.4,31.0,1021.0,0
2019-12-24,19.2,26.9,0.0,5.2,1.9,31.0,1014.4,0
2019-12-25,21.7,26.6,1.4,4.4,10.5,43.0,1017.6,1
2019-12-26,21.0,27.2,0.2,8.6,12.1,52.0,1019.4,1
2019-12-27,21.0,27.0,0.0,11.4,11.7,54.0,1020.5,0
2019-12-28,20.1,28.7,0.0,12.0,11.4,56.0,1019.0,0
2019-12-29,20.1,26.3,0.0,11.0,5.4,31.0,1016.8,0
2019-12-3,14.1,28.4,0.0,8.0,10.7,41.0,1005.0,0
2019-12-30,20.1,27.3,0.0,5.8,10.3,43.0,1014.6,0
2019-12-31,20.7,35.3,0.0,8.2,9.7,69.0,1007.7,0
2019-12-4,17.8,30.6,0.0,9.0,10.8,31.0,1009.0,0
2019-12-5,16.1,34.4,0.0,7.0,10.7,37.0,1009.7,0
2019-12-6,18.3,24.7,0.0,8.0,3.7,46.0,1007.0,0
2019-12-7,18.6,25.1,0.0,5.0,7.9,39.0,1013.1,0
2019-12-8,19.9,24.5,0.0,8.0,4.7,37.0,1019.5,0
2019-12-9,20.6,24.6,0.0,7.6,7.0,54.0,1021.8,0
2020-01-01,19.2,26.2,0.0,14.2,4.5,39.0,1014.8,0
2020-01-02,19.5,25.8,0.0,7.2,5.3,35.0,1019.9,0
2020-01-04,21.3,35.9,0.0,15.4,10.5,81.0,1010.4,0
2020-01-05,21.6,27.4,0.0,16.0,4.4,67.0,1018.5,0
2020-01-06,19.8,25.1,0.0,8.4,0.2,31.0,1020.9,0
2020-01-07,20.2,27.3,2.6,4.0,2.8,37.0,1016.0,1
2020-01-08,21.3,28.0,2.8,5.6,0.3,48.0,1015.8,1
2020-01-09,21.4,26.7,0.2,6.8,0.2,33.0,1018.1,1
